Action_Label,closing_fist
Fs_Hz,250
Total_Samples,1250

Sample_Index,Raw_EMG,Envelope
0,545.0,535.8333333333334
1,525.0,535.7666666666667
2,481.0,535.8
3,478.0,535.9333333333333
4,517.0,535.7666666666667
5,544.0,535.6
6,529.0,535.5666666666667
7,484.0,535.6
8,478.0,535.7333333333333
9,518.0,535.6
10,544.0,535.4
11,525.0,535.3
12,481.0,535.3333333333334
13,476.0,535.5
14,517.0,535.3666666666667
15,546.0,535.3
16,528.0,535.2333333333333
17,483.0,535.3
18,477.0,535.3666666666667
19,517.0,535.4
20,544.0,535.3666666666667
21,526.0,535.3333333333334
22,483.0,535.3
23,477.0,535.3666666666667
24,516.0,535.3333333333334
25,544.0,535.3
26,528.0,535.3
27,482.0,535.3666666666667
28,473.0,535.5666666666667
29,512.0,535.3333333333334
30,542.0,535.2333333333333
31,527.0,535.3
32,483.0,535.2333333333333
33,476.0,535.3
34,516.0,535.2666666666667
35,546.0,535.3333333333334
36,530.0,535.3666666666667
37,483.0,535.4
38,476.0,535.4666666666667
39,516.0,535.4
40,546.0,535.4666666666667
41,528.0,535.5666666666667
42,485.0,535.4333333333333
43,475.0,535.4666666666667
44,515.0,535.4
45,547.0,535.4333333333333
46,532.0,535.5666666666667
47,484.0,535.5333333333333
48,477.0,535.5333333333333
49,515.0,535.4666666666667
50,544.0,535.4666666666667
51,530.0,535.6
52,485.0,535.5333333333333
53,475.0,535.6
54,514.0,535.5333333333333
55,543.0,535.5
56,529.0,535.5333333333333
57,485.0,535.4333333333333
58,476.0,535.3333333333334
59,515.0,535.4333333333333
60,544.0,535.5
61,528.0,535.5333333333333
62,485.0,535.4666666666667
63,475.0,535.5
64,516.0,535.5
65,545.0,535.4666666666667
66,529.0,535.4333333333333
67,487.0,535.3
68,477.0,535.2666666666667
69,515.0,535.2333333333333
70,545.0,535.2
71,530.0,535.2666666666667
72,485.0,535.2666666666667
73,475.0,535.2666666666667
74,515.0,535.2666666666667
75,545.0,535.2
76,531.0,535.1666666666666
77,486.0,535.1
78,477.0,535.1
79,514.0,535.0666666666667
80,544.0,535.0666666666667
81,531.0,535.1
82,485.0,535.1
83,474.0,535.1333333333333
84,514.0,535.1333333333333
85,546.0,535.2333333333333
86,531.0,535.3
87,485.0,535.3
88,474.0,535.3666666666667
89,515.0,535.3666666666667
90,545.0,535.4
91,531.0,535.5
92,486.0,535.4666666666667
93,476.0,535.4333333333333
94,514.0,535.3666666666667
95,545.0,535.3666666666667
96,532.0,535.4666666666667
97,487.0,535.4666666666667
98,476.0,535.5
99,514.0,535.4666666666667
100,545.0,535.4666666666667
101,532.0,535.5333333333333
102,486.0,535.5
103,475.0,535.5
104,514.0,535.4666666666667
105,546.0,535.5
106,533.0,535.5666666666667
107,486.0,535.5666666666667
108,475.0,535.6333333333333
109,513.0,535.6
110,541.0,535.5
111,530.0,535.4666666666667
112,487.0,535.4
113,474.0,535.4
114,511.0,535.3666666666667
115,543.0,535.2666666666667
116,531.0,535.2666666666667
117,486.0,535.2333333333333
118,477.0,535.1333333333333
119,514.0,535.1
120,545.0,535.1
121,533.0,535.1666666666666
122,487.0,535.1333333333333
123,475.0,535.1666666666666
124,512.0,535.1
125,544.0,535.0666666666667
126,533.0,535.1
127,489.0,535.0333333333333
128,476.0,535.0333333333333
129,513.0,535.0
130,544.0,534.9666666666667
131,531.0,534.9333333333333
132,487.0,534.9
133,477.0,534.8333333333334
134,513.0,534.8
135,545.0,534.7666666666667
136,534.0,534.8
137,489.0,534.7
138,475.0,534.7
139,513.0,534.7
140,545.0,534.8333333333334
141,533.0,534.9333333333333
142,487.0,534.9333333333333
143,473.0,534.9666666666667
144,511.0,534.9666666666667
145,543.0,534.9666666666667
146,533.0,535.0333333333333
147,488.0,534.9666666666667
148,478.0,534.9333333333333
149,513.0,534.9
150,544.0,534.8666666666667
151,533.0,534.8666666666667
152,488.0,534.8333333333334
153,475.0,534.8333333333334
154,512.0,534.8333333333334
155,544.0,534.8333333333334
156,534.0,534.8666666666667
157,490.0,534.8333333333334
158,475.0,534.8666666666667
159,510.0,534.9
160,542.0,534.8333333333334
161,532.0,534.8666666666667
162,486.0,534.9
163,473.0,535.0333333333333
164,509.0,535.1
165,542.0,535.0
166,534.0,535.0
167,488.0,535.0333333333333
168,474.0,535.0666666666667
169,511.0,535.0666666666667
170,544.0,535.0333333333333
171,534.0,535.0666666666667
172,490.0,534.9666666666667
173,476.0,534.8666666666667
174,510.0,534.9
175,543.0,534.9
176,534.0,534.9333333333333
177,489.0,534.9
178,477.0,534.9333333333333
179,512.0,534.9
180,545.0,534.9333333333333
181,537.0,535.0666666666667
182,492.0,534.9333333333333
183,476.0,534.9
184,512.0,534.9
185,543.0,534.8666666666667
186,537.0,534.9666666666667
187,493.0,534.8666666666667
188,476.0,534.8333333333334
189,512.0,534.7666666666667
190,546.0,534.9
191,537.0,535.0666666666667
192,492.0,534.8666666666667
193,474.0,534.8333333333334
194,510.0,534.8
195,541.0,534.7666666666667
196,532.0,534.7
197,488.0,534.7
198,472.0,534.7666666666667
199,506.0,534.9333333333333
200,543.0,534.9
201,535.0,534.9333333333333
202,491.0,534.9
203,475.0,534.9333333333333
204,509.0,534.9666666666667
205,541.0,534.9
206,534.0,534.9
207,489.0,534.9
208,474.0,535.0
209,509.0,535.1
210,544.0,535.0666666666667
211,537.0,535.0666666666667
212,492.0,535.0666666666667
213,474.0,535.1333333333333
214,508.0,535.2666666666667
215,543.0,535.2666666666667
216,535.0,535.2
217,491.0,535.2666666666667
218,472.0,535.4
219,507.0,535.5666666666667
220,543.0,535.4666666666667
221,536.0,535.4333333333333
222,491.0,535.4666666666667
223,473.0,535.5
224,509.0,535.5333333333333
225,544.0,535.6333333333333
226,538.0,535.8333333333334
227,493.0,535.6666666666666
228,473.0,535.6333333333333
229,507.0,535.6
230,543.0,535.6
231,535.0,535.6
232,492.0,535.5666666666667
233,473.0,535.6333333333333
234,510.0,535.6
235,543.0,535.6666666666666
236,537.0,535.7666666666667
237,494.0,535.6
238,477.0,535.5
239,510.0,535.4666666666667
240,543.0,535.4333333333333
241,537.0,535.4333333333333
242,494.0,535.3666666666667
243,475.0,535.3333333333334
244,509.0,535.3
245,543.0,535.3
246,538.0,535.4
247,494.0,535.3
248,474.0,535.2333333333333
249,505.0,535.3
250,541.0,535.2333333333333
251,539.0,535.3333333333334
252,494.0,535.2333333333333
253,474.0,535.2
254,507.0,535.2666666666667
255,541.0,535.1666666666666
256,538.0,535.1666666666666
257,494.0,535.1333333333333
258,473.0,535.1333333333333
259,509.0,535.0666666666667
260,545.0,535.1333333333333
261,540.0,535.3
262,495.0,535.2
263,476.0,535.1
264,508.0,535.1666666666666
265,541.0,535.1
266,539.0,535.1666666666666
267,495.0,535.1333333333333
268,473.0,535.2666666666667
269,506.0,535.4
270,543.0,535.4
271,540.0,535.5
272,495.0,535.4666666666667
273,473.0,535.5333333333333
274,506.0,535.6333333333333
275,541.0,535.5666666666667
276,538.0,535.5666666666667
277,495.0,535.5333333333333
278,474.0,535.5333333333333
279,506.0,535.5
280,542.0,535.5333333333333
281,539.0,535.5333333333333
282,495.0,535.5
283,472.0,535.5666666666667
284,505.0,535.6333333333333
285,542.0,535.6666666666666
286,538.0,535.6666666666666
287,494.0,535.6666666666666
288,473.0,535.6666666666666
289,503.0,535.8666666666667
290,539.0,535.6666666666666
291,532.0,535.4
292,491.0,535.5333333333333
293,471.0,535.7
294,505.0,535.8
295,542.0,535.8333333333334
296,540.0,535.8666666666667
297,494.0,535.9
298,472.0,535.9333333333333
299,503.0,536.0333333333333
300,539.0,535.9
301,537.0,535.8
302,492.0,535.9
303,473.0,535.9
304,505.0,535.9333333333333
305,541.0,535.9333333333333
306,538.0,535.9333333333333
307,494.0,535.9666666666667
308,467.0,536.2
309,503.0,536.3
310,540.0,536.2333333333333
311,538.0,536.2
312,495.0,536.2
313,470.0,536.2666666666667
314,502.0,536.3666666666667
315,538.0,536.2333333333333
316,537.0,536.2
317,493.0,536.2333333333333
318,470.0,536.3333333333334
319,504.0,536.3
320,541.0,536.3666666666667
321,539.0,536.6
322,495.0,536.4666666666667
323,471.0,536.4666666666667
324,503.0,536.5333333333333
325,541.0,536.5
326,540.0,536.5
327,497.0,536.4
328,472.0,536.4
329,502.0,536.4333333333333
330,541.0,536.5
331,539.0,536.5666666666667
332,497.0,536.4
333,472.0,536.4333333333333
334,501.0,536.5666666666667
335,539.0,536.5
336,540.0,536.5666666666667
337,496.0,536.5
338,472.0,536.3333333333334
339,502.0,536.3666666666667
340,540.0,536.3666666666667
341,539.0,536.4
342,495.0,536.4
343,473.0,536.3
344,503.0,536.2666666666667
345,539.0,536.3
346,537.0,536.3
347,494.0,536.2666666666667
348,471.0,536.2333333333333
349,502.0,536.3
350,541.0,536.3
351,539.0,536.3
352,495.0,536.3
353,471.0,536.3
354,504.0,536.2666666666667
355,542.0,536.3
356,541.0,536.3333333333334
357,499.0,536.2666666666667
358,473.0,536.2333333333333
359,501.0,536.2666666666667
360,539.0,536.2
361,540.0,536.2333333333333
362,496.0,536.2666666666667
363,469.0,536.3666666666667
364,501.0,536.3666666666667
365,538.0,536.3333333333334
366,535.0,536.1666666666666
367,492.0,536.3
368,471.0,536.3333333333334
369,496.0,536.5333333333333
370,541.0,536.5666666666667
371,537.0,536.5
372,487.0,536.7666666666667
373,468.0,536.9333333333333
374,507.0,536.8
375,537.0,536.7333333333333
376,540.0,536.8333333333334
377,497.0,536.7333333333333
378,468.0,536.8333333333334
379,502.0,536.8333333333334
380,535.0,536.6333333333333
381,535.0,536.5
382,498.0,536.4
383,467.0,536.5333333333333
384,501.0,536.6333333333333
385,533.0,536.3333333333334
386,533.0,536.0666666666667
387,494.0,536.2333333333333
388,468.0,536.4
389,497.0,536.5333333333333
390,532.0,536.3
391,534.0,536.1
392,494.0,536.1666666666666
393,468.0,536.2
394,491.0,536.5333333333333
395,532.0,536.3333333333334
396,533.0,536.2666666666667
397,490.0,536.3333333333334
398,469.0,536.4
399,498.0,536.3333333333334
400,537.0,536.2
401,542.0,536.3666666666667
402,496.0,536.0666666666667
403,465.0,536.1666666666666
404,495.0,536.5666666666667
405,534.0,536.4666666666667
406,538.0,536.4
407,495.0,536.4666666666667
408,467.0,536.5
409,498.0,536.6333333333333
410,537.0,536.7
411,544.0,537.0
412,506.0,536.7333333333333
413,463.0,536.8666666666667
414,496.0,537.0333333333333
415,540.0,537.2666666666667
416,542.0,537.5666666666667
417,498.0,537.4333333333333
418,469.0,537.4
419,494.0,537.5
420,536.0,537.6333333333333
421,549.0,538.1333333333333
422,500.0,537.9333333333333
423,471.0,537.8333333333334
424,498.0,537.6
425,536.0,537.7333333333333
426,541.0,538.0
427,495.0,537.8333333333334
428,457.0,538.2333333333333
429,489.0,538.5333333333333
430,523.0,538.0666666666667
431,527.0,537.5666666666667
432,490.0,537.7666666666667
433,451.0,538.2333333333333
434,445.0,539.9
435,482.0,540.1666666666666
436,450.0,541.3666666666667
437,397.0,544.6333333333333
438,391.0,547.1666666666666
439,391.0,550.7333333333333
440,403.0,553.5333333333333
441,308.0,559.2666666666667
442,326.0,565.2666666666667
443,414.0,566.9
444,368.0,571.1666666666666
445,481.0,571.2666666666667
446,570.0,572.2
447,484.0,572.6666666666666
448,388.0,575.3666666666667
449,450.0,576.8333333333334
450,459.0,577.8
451,527.0,577.0666666666666
452,539.0,577.5666666666666
453,599.0,579.1
454,505.0,578.8666666666667
455,438.0,580.5333333333333
456,506.0,579.7666666666667
457,410.0,582.6
458,489.0,581.5333333333333
459,524.0,581.1666666666666
460,392.0,584.8
461,416.0,587.5
462,558.0,588.3
463,644.0,590.6666666666666
464,439.0,590.8666666666667
465,514.0,589.9333333333334
466,323.0,594.1666666666666
467,381.0,594.7
468,469.0,592.1
469,371.0,592.7666666666667
470,583.0,591.5
471,787.0,593.8666666666667
472,644.0,592.0666666666666
473,443.0,591.1
474,664.0,591.3666666666667
475,575.0,592.4333333333334
476,529.0,591.0666666666666
477,563.0,591.8333333333334
478,570.0,589.6333333333333
479,456.0,589.4333333333334
480,443.0,589.9666666666667
481,614.0,592.8666666666667
482,714.0,598.7
483,683.0,601.5
484,546.0,602.4
485,532.0,600.6
486,380.0,604.8
487,453.0,603.3666666666667
488,593.0,605.3
489,603.0,607.9333333333334
490,555.0,605.3666666666667
491,572.0,604.1666666666666
492,660.0,607.5666666666666
493,482.0,604.1666666666666
494,418.0,604.8666666666667
495,623.0,608.5
496,629.0,606.1
497,544.0,602.8
498,411.0,604.7333333333333
499,563.0,601.7333333333333
500,657.0,604.2
501,603.0,598.0666666666666
502,535.0,594.4333333333334
503,501.0,592.5
504,457.0,589.2666666666667
505,446.0,589.3666666666667
506,601.0,591.7666666666667
507,635.0,594.1666666666666
508,537.0,593.0666666666666
509,492.0,591.8666666666667
510,596.0,592.3666666666667
511,586.0,591.4333333333334
512,596.0,587.5
513,415.0,585.0333333333333
514,471.0,585.2666666666667
515,568.0,586.4666666666667
516,535.0,582.8333333333334
517,646.0,585.3333333333334
518,522.0,582.9666666666667
519,515.0,580.0333333333333
520,481.0,579.6333333333333
521,553.0,579.0
522,608.0,577.2666666666667
523,432.0,578.9333333333334
524,545.0,576.9
525,543.0,574.2333333333333
526,639.0,574.5666666666667
527,615.0,576.9333333333334
528,527.0,574.0666666666667
529,533.0,573.0666666666667
530,555.0,569.6666666666666
531,563.0,568.3333333333334
532,515.0,567.6666666666666
533,497.0,567.8
534,499.0,566.4
535,539.0,565.1
536,502.0,562.4666666666667
537,491.0,559.0666666666667
538,471.0,559.6
539,533.0,559.6333333333333
540,589.0,559.4
541,578.0,559.1333333333333
542,547.0,557.5
543,522.0,554.6
544,533.0,553.9333333333333
545,563.0,553.7666666666667
546,575.0,555.1
547,531.0,551.2666666666667
548,497.0,551.4333333333333
549,502.0,551.6666666666666
550,525.0,551.0666666666667
551,550.0,550.9666666666667
552,536.0,548.5666666666667
553,503.0,546.2
554,511.0,545.1333333333333
555,546.0,545.2333333333333
556,559.0,542.5666666666667
557,540.0,540.0666666666667
558,519.0,539.8
559,523.0,539.4666666666667
560,548.0,539.2333333333333
561,559.0,539.1
562,525.0,539.4333333333333
563,476.0,540.1333333333333
564,500.0,540.1
565,537.0,540.0333333333333
566,554.0,541.1
567,527.0,540.9
568,481.0,540.5666666666667
569,497.0,540.3666666666667
570,535.0,538.5666666666667
571,547.0,537.5333333333333
572,522.0,536.7
573,488.0,537.1666666666666
574,496.0,537.0
575,524.0,535.7
576,536.0,534.4
577,509.0,533.8666666666667
578,474.0,534.6333333333333
579,479.0,535.4
580,510.0,535.0333333333333
581,523.0,534.1333333333333
582,492.0,534.0
583,456.0,535.5666666666667
584,468.0,537.0
585,502.0,536.2
586,511.0,534.6666666666666
587,478.0,534.8666666666667
588,442.0,536.9666666666667
589,454.0,538.5333333333333
590,489.0,538.1
591,499.0,536.9666666666667
592,469.0,537.9666666666667
593,434.0,539.3666666666667
594,447.0,541.1333333333333
595,483.0,541.2666666666667
596,492.0,540.5333333333333
597,463.0,541.6666666666666
598,426.0,543.5
599,428.0,545.8
600,462.0,546.7
601,489.0,546.3
602,442.0,548.3
603,434.0,550.1
604,444.0,551.8333333333334
605,502.0,551.7666666666667
606,511.0,551.0
607,478.0,552.0333333333333
608,438.0,553.2333333333333
609,446.0,554.3333333333334
610,489.0,555.0333333333333
611,504.0,554.9333333333333
612,473.0,555.5666666666667
613,440.0,556.1
614,452.0,556.6333333333333
615,500.0,556.7
616,519.0,556.9
617,484.0,556.7
618,448.0,556.5
619,467.0,556.0666666666667
620,507.0,555.4666666666667
621,520.0,555.3
622,490.0,554.6
623,457.0,553.8333333333334
624,469.0,553.1
625,509.0,552.2333333333333
626,525.0,552.0
627,493.0,551.0
628,456.0,550.0
629,470.0,548.6
630,512.0,546.9333333333333
631,519.0,546.4
632,491.0,544.7666666666667
633,456.0,544.0333333333333
634,480.0,542.8333333333334
635,518.0,542.7
636,529.0,543.2333333333333
637,496.0,542.6333333333333
638,462.0,541.8333333333334
639,480.0,540.7
640,522.0,540.2666666666667
641,535.0,540.7666666666667
642,505.0,539.7
643,469.0,538.7333333333333
644,486.0,537.6
645,526.0,537.6666666666666
646,539.0,538.3333333333334
647,509.0,537.5
648,469.0,536.8
649,484.0,536.2333333333333
650,526.0,536.5333333333333
651,544.0,537.3333333333334
652,513.0,536.6333333333333
653,473.0,536.1
654,490.0,535.4
655,532.0,535.9666666666667
656,547.0,536.7
657,516.0,536.2
658,476.0,535.5333333333333
659,492.0,534.8
660,533.0,535.5
661,550.0,536.5333333333333
662,521.0,536.1333333333333
663,479.0,535.3666666666667
664,494.0,534.9
665,530.0,535.3
666,547.0,535.9
667,521.0,535.6666666666666
668,479.0,535.1
669,489.0,534.8
670,536.0,535.2666666666667
671,556.0,535.9666666666667
672,526.0,536.2
673,485.0,535.6666666666666
674,495.0,535.3666666666667
675,535.0,535.6666666666666
676,550.0,536.0333333333333
677,524.0,536.3333333333334
678,488.0,535.7
679,496.0,535.3
680,529.0,535.4
681,553.0,535.7
682,530.0,536.2666666666667
683,485.0,535.8666666666667
684,504.0,535.4
685,551.0,536.0333333333333
686,556.0,536.3333333333334
687,526.0,536.6666666666666
688,488.0,536.2666666666667
689,489.0,536.3666666666667
690,538.0,536.5333333333333
691,559.0,536.8333333333334
692,534.0,537.2666666666667
693,479.0,537.2666666666667
694,489.0,537.4333333333333
695,537.0,537.6666666666666
696,554.0,537.9
697,525.0,538.0333333333333
698,486.0,537.8
699,490.0,537.7666666666667
700,539.0,537.8666666666667
701,559.0,537.9666666666667
702,528.0,538.0333333333333
703,488.0,537.9333333333333
704,508.0,537.5
705,531.0,537.3666666666667
706,550.0,537.3666666666667
707,521.0,537.2666666666667
708,480.0,537.5333333333333
709,490.0,537.7333333333333
710,530.0,537.7666666666667
711,552.0,537.7333333333333
712,526.0,537.6
713,484.0,537.6333333333333
714,494.0,537.9666666666667
715,534.0,537.4
716,552.0,537.2666666666667
717,523.0,537.1666666666666
718,485.0,537.2666666666667
719,494.0,537.1
720,532.0,536.9
721,545.0,536.4333333333333
722,521.0,536.0
723,482.0,535.9
724,493.0,535.7666666666667
725,527.0,535.4333333333333
726,554.0,535.4333333333333
727,524.0,535.4
728,488.0,535.3333333333334
729,499.0,535.0333333333333
730,539.0,535.0333333333333
731,556.0,534.9333333333333
732,527.0,534.9
733,488.0,534.9
734,498.0,535.2333333333333
735,538.0,535.4666666666667
736,559.0,535.7666666666667
737,529.0,536.0333333333333
738,489.0,535.7333333333333
739,499.0,535.4333333333333
740,539.0,535.7333333333333
741,558.0,535.9333333333333
742,528.0,536.0
743,486.0,535.9333333333333
744,496.0,535.8666666666667
745,536.0,535.9333333333333
746,554.0,536.0
747,524.0,536.0333333333333
748,489.0,535.9
749,497.0,535.8
750,537.0,535.9666666666667
751,555.0,536.3
752,524.0,536.4
753,484.0,536.3333333333334
754,494.0,536.3
755,528.0,536.3333333333334
756,555.0,536.3666666666667
757,527.0,536.4666666666667
758,490.0,536.4
759,503.0,536.2666666666667
760,544.0,536.4333333333333
761,561.0,536.6
762,532.0,536.7666666666667
763,490.0,536.7
764,497.0,536.7333333333333
765,536.0,536.6666666666666
766,558.0,536.6333333333333
767,531.0,536.7
768,487.0,536.7666666666667
769,496.0,536.8666666666667
770,537.0,536.8
771,556.0,536.7333333333333
772,527.0,536.7
773,485.0,536.7333333333333
774,494.0,536.8
775,535.0,536.7666666666667
776,554.0,536.7666666666667
777,526.0,536.8333333333334
778,486.0,536.9333333333333
779,492.0,537.1
780,528.0,536.8
781,553.0,536.7333333333333
782,522.0,536.6666666666666
783,486.0,536.6
784,493.0,536.6333333333333
785,535.0,536.8666666666667
786,556.0,536.9
787,528.0,536.9333333333333
788,484.0,537.1333333333333
789,492.0,537.5
790,535.0,537.2
791,557.0,537.0666666666667
792,529.0,536.9666666666667
793,487.0,537.0666666666667
794,494.0,537.1666666666666
795,535.0,537.1333333333333
796,555.0,537.0333333333333
797,529.0,536.9666666666667
798,487.0,536.9666666666667
799,494.0,537.0333333333333
800,535.0,536.9666666666667
801,556.0,536.9666666666667
802,529.0,537.0333333333333
803,487.0,536.9666666666667
804,492.0,537.0333333333333
805,530.0,536.8666666666667
806,552.0,536.8
807,526.0,536.8
808,485.0,536.8333333333334
809,492.0,536.8333333333334
810,523.0,536.6666666666666
811,545.0,536.4
812,529.0,536.6333333333333
813,488.0,536.5666666666667
814,495.0,536.5
815,533.0,536.4333333333333
816,552.0,536.3
817,525.0,536.2
818,483.0,536.2333333333333
819,489.0,536.3333333333334
820,535.0,536.3333333333334
821,554.0,536.2333333333333
822,529.0,536.2333333333333
823,488.0,536.2
824,492.0,536.2666666666667
825,532.0,536.1666666666666
826,551.0,536.0333333333333
827,526.0,535.9333333333333
828,484.0,536.0333333333333
829,489.0,536.2
830,531.0,536.0666666666667
831,552.0,535.9333333333333
832,527.0,535.8666666666667
833,482.0,536.0333333333333
834,486.0,536.2333333333333
835,529.0,536.2
836,552.0,536.2
837,526.0,536.2
838,481.0,536.3333333333334
839,486.0,536.5333333333333
840,529.0,536.7333333333333
841,550.0,536.9
842,524.0,536.7333333333333
843,481.0,536.9666666666667
844,484.0,537.3333333333334
845,526.0,537.1
846,544.0,536.8333333333334
847,524.0,536.8
848,483.0,536.8
849,486.0,536.9
850,526.0,536.6
851,543.0,536.2333333333333
852,522.0,536.0
853,476.0,536.4
854,485.0,536.6333333333333
855,527.0,536.4666666666667
856,551.0,536.4666666666667
857,526.0,536.4666666666667
858,482.0,536.5333333333333
859,487.0,536.6
860,529.0,536.5333333333333
861,550.0,536.4666666666667
862,527.0,536.4666666666667
863,484.0,536.4
864,487.0,536.3666666666667
865,528.0,536.3333333333334
866,552.0,536.3333333333334
867,527.0,536.3666666666667
868,482.0,536.3333333333334
869,485.0,536.3666666666667
870,524.0,536.2
871,547.0,536.1
872,527.0,536.2
873,484.0,536.1
874,487.0,536.0
875,527.0,536.0333333333333
876,550.0,536.2333333333333
877,523.0,536.2
878,478.0,536.3666666666667
879,478.0,536.6333333333333
880,525.0,536.6
881,552.0,536.9
882,529.0,537.1333333333333
883,484.0,536.8666666666667
884,488.0,536.7666666666667
885,526.0,536.7333333333333
886,551.0,536.7333333333333
887,527.0,536.7666666666667
888,482.0,536.7666666666667
889,485.0,536.8333333333334
890,527.0,536.7666666666667
891,550.0,536.7666666666667
892,527.0,536.7666666666667
893,483.0,536.8
894,485.0,536.8666666666667
895,523.0,536.7
896,548.0,536.5666666666667
897,527.0,536.5666666666667
898,482.0,536.5666666666667
899,481.0,536.7
900,524.0,536.7
901,547.0,536.7
902,526.0,536.6666666666666
903,484.0,536.6666666666666
904,477.0,537.0
905,523.0,536.8666666666667
906,549.0,536.8333333333334
907,529.0,537.0333333333333
908,485.0,536.8
909,485.0,536.5666666666667
910,526.0,536.6
911,547.0,536.4333333333333
912,527.0,536.3666666666667
913,479.0,536.5333333333333
914,482.0,536.7333333333333
915,527.0,536.7666666666667
916,552.0,536.8
917,529.0,536.8666666666667
918,485.0,536.7666666666667
919,485.0,536.7666666666667
920,525.0,536.7
921,549.0,536.6666666666666
922,526.0,536.6333333333333
923,481.0,536.7
924,479.0,536.9
925,520.0,536.8
926,545.0,536.7
927,526.0,536.6666666666666
928,482.0,536.6666666666666
929,482.0,536.6333333333333
930,524.0,536.6333333333333
931,549.0,536.7
932,528.0,536.7666666666667
933,483.0,536.8
934,482.0,536.6333333333333
935,522.0,536.6
936,546.0,536.5
937,527.0,536.4333333333333
938,482.0,536.5333333333333
939,480.0,536.7
940,519.0,536.4666666666667
941,546.0,536.4333333333333
942,527.0,536.4333333333333
943,481.0,536.3666666666667
944,480.0,536.4333333333333
945,516.0,536.0666666666667
946,548.0,535.9333333333333
947,527.0,535.8666666666667
948,483.0,535.9333333333333
949,480.0,536.1
950,521.0,535.9666666666667
951,547.0,535.9
952,526.0,535.9
953,481.0,535.9
954,480.0,535.8666666666667
955,520.0,535.8666666666667
956,545.0,535.8666666666667
957,525.0,535.8333333333334
958,481.0,535.8666666666667
959,480.0,535.9333333333333
960,521.0,535.8333333333334
961,547.0,535.7666666666667
962,524.0,535.6333333333333
963,475.0,535.9
964,481.0,535.9333333333333
965,522.0,535.9333333333333
966,548.0,536.0
967,529.0,536.0666666666667
968,485.0,535.9666666666667
969,483.0,535.8666666666667
970,522.0,535.9666666666667
971,543.0,535.8666666666667
972,524.0,535.7666666666667
973,484.0,535.6666666666666
974,481.0,535.6333333333333
975,521.0,535.8
976,547.0,535.7666666666667
977,529.0,535.8333333333334
978,485.0,535.7666666666667
979,480.0,535.7666666666667
980,520.0,535.7333333333333
981,545.0,535.6666666666666
982,527.0,535.7
983,483.0,535.6333333333333
984,479.0,535.6666666666666
985,518.0,535.6
986,544.0,535.5666666666667
987,525.0,535.5666666666667
988,480.0,535.6
989,479.0,535.6333333333333
990,522.0,535.6666666666666
991,548.0,535.7
992,529.0,535.8666666666667
993,484.0,535.5666666666667
994,480.0,535.6
995,518.0,535.4666666666667
996,545.0,535.3666666666667
997,528.0,535.3333333333334
998,484.0,535.3666666666667
999,480.0,535.4666666666667
1000,520.0,535.4
1001,547.0,535.5333333333333
1002,528.0,535.6666666666666
1003,483.0,535.7
1004,478.0,535.8
1005,519.0,535.7333333333333
1006,545.0,535.6666666666666
1007,529.0,535.6666666666666
1008,483.0,535.7333333333333
1009,478.0,535.8
1010,518.0,535.7333333333333
1011,545.0,535.7333333333333
1012,527.0,535.7333333333333
1013,483.0,535.7333333333333
1014,477.0,535.8
1015,515.0,535.7
1016,543.0,535.6666666666666
1017,525.0,535.6666666666666
1018,482.0,535.6
1019,477.0,535.6666666666666
1020,517.0,535.5
1021,546.0,535.4333333333333
1022,526.0,535.3333333333334
1023,482.0,535.4
1024,476.0,535.5333333333333
1025,517.0,535.5
1026,546.0,535.5333333333333
1027,528.0,535.5333333333333
1028,483.0,535.5666666666667
1029,478.0,535.6333333333333
1030,518.0,535.5666666666667
1031,545.0,535.5
1032,527.0,535.4666666666667
1033,484.0,535.4333333333333
1034,478.0,535.4333333333333
1035,517.0,535.3666666666667
1036,544.0,535.3333333333334
1037,526.0,535.2333333333333
1038,479.0,535.3666666666667
1039,475.0,535.4666666666667
1040,516.0,535.4
1041,546.0,535.4333333333333
1042,531.0,535.5666666666667
1043,484.0,535.5333333333333
1044,477.0,535.5333333333333
1045,517.0,535.6
1046,545.0,535.6666666666666
1047,529.0,535.8
1048,486.0,535.6666666666666
1049,479.0,535.6
1050,518.0,535.6333333333333
1051,545.0,535.6
1052,529.0,535.7
1053,484.0,535.6333333333333
1054,476.0,535.6333333333333
1055,515.0,535.5666666666667
1056,542.0,535.4333333333333
1057,528.0,535.4333333333333
1058,484.0,535.4
1059,477.0,535.4333333333333
1060,516.0,535.3666666666667
1061,545.0,535.3666666666667
1062,530.0,535.4666666666667
1063,483.0,535.5
1064,476.0,535.5666666666667
1065,517.0,535.5666666666667
1066,546.0,535.6333333333333
1067,531.0,535.8
1068,485.0,535.6
1069,479.0,535.4666666666667
1070,515.0,535.4333333333333
1071,545.0,535.4
1072,532.0,535.4333333333333
1073,488.0,535.3
1074,480.0,535.2
1075,517.0,535.2
1076,547.0,535.2666666666667
1077,530.0,535.3
1078,485.0,535.3333333333334
1079,477.0,535.4
1080,513.0,535.2333333333333
1081,545.0,535.2333333333333
1082,531.0,535.3
1083,486.0,535.2333333333333
1084,477.0,535.2
1085,513.0,535.1333333333333
1086,542.0,535.1333333333333
1087,531.0,535.2333333333333
1088,485.0,535.2
1089,478.0,535.1666666666666
1090,516.0,535.1666666666666
1091,545.0,535.1666666666666
1092,530.0,535.1666666666666
1093,484.0,535.1333333333333
1094,475.0,535.1666666666666
1095,512.0,535.0
1096,543.0,534.9
1097,530.0,534.8666666666667
1098,485.0,534.8666666666667
1099,475.0,535.0
1100,514.0,534.9666666666667
1101,542.0,534.8666666666667
1102,527.0,534.7
1103,484.0,534.8333333333334
1104,474.0,535.0333333333333
1105,512.0,534.8666666666667
1106,543.0,534.7333333333333
1107,529.0,534.7
1108,484.0,534.7333333333333
1109,474.0,534.8333333333334
1110,512.0,534.8
1111,540.0,534.6333333333333
1112,526.0,534.4666666666667
1113,483.0,534.5666666666667
1114,474.0,534.6666666666666
1115,511.0,534.6666666666666
1116,540.0,534.6
1117,529.0,534.5333333333333
1118,486.0,534.5
1119,476.0,534.5666666666667
1120,513.0,534.4666666666667
1121,543.0,534.4
1122,531.0,534.4333333333333
1123,487.0,534.3333333333334
1124,476.0,534.3
1125,512.0,534.3
1126,541.0,534.2333333333333
1127,531.0,534.2666666666667
1128,488.0,534.1666666666666
1129,476.0,534.1333333333333
1130,514.0,534.1333333333333
1131,545.0,534.2333333333333
1132,530.0,534.3333333333334
1133,486.0,534.2666666666667
1134,473.0,534.3
1135,512.0,534.3
1136,545.0,534.3666666666667
1137,532.0,534.4666666666667
1138,489.0,534.3
1139,478.0,534.1666666666666
1140,515.0,534.2666666666667
1141,544.0,534.4
1142,532.0,534.6
1143,489.0,534.4
1144,478.0,534.2666666666667
1145,516.0,534.3666666666667
1146,547.0,534.6
1147,534.0,534.7666666666667
1148,489.0,534.6666666666666
1149,475.0,534.7
1150,514.0,534.7333333333333
1151,544.0,534.7666666666667
1152,531.0,534.7666666666667
1153,486.0,534.8
1154,473.0,534.9
1155,508.0,535.0333333333333
1156,540.0,535.0
1157,529.0,534.9333333333333
1158,487.0,534.9666666666667
1159,474.0,535.0333333333333
1160,509.0,535.0666666666667
1161,540.0,534.9
1162,531.0,534.9333333333333
1163,486.0,534.9333333333333
1164,474.0,534.9
1165,509.0,535.0
1166,541.0,534.8666666666667
1167,529.0,534.7666666666667
1168,487.0,534.8333333333334
1169,475.0,534.9333333333333
1170,509.0,534.9333333333333
1171,540.0,534.8
1172,530.0,534.7333333333333
1173,487.0,534.8
1174,475.0,534.9
1175,512.0,534.7666666666667
1176,542.0,534.6
1177,529.0,534.4333333333333
1178,487.0,534.5
1179,474.0,534.5333333333333
1180,511.0,534.5
1181,542.0,534.4333333333333
1182,531.0,534.4333333333333
1183,487.0,534.4
1184,473.0,534.4
1185,510.0,534.3333333333334
1186,542.0,534.4
1187,532.0,534.5
1188,486.0,534.5333333333333
1189,472.0,534.6
1190,509.0,534.6
1191,541.0,534.6333333333333
1192,532.0,534.6666666666666
1193,487.0,534.6333333333333
1194,473.0,534.6666666666666
1195,508.0,534.7
1196,542.0,534.7333333333333
1197,531.0,534.8
1198,486.0,534.8333333333334
1199,471.0,534.9666666666667
1200,504.0,535.1333333333333
1201,539.0,535.1
1202,532.0,535.1666666666666
1203,488.0,535.1333333333333
1204,473.0,535.2
1205,510.0,535.2666666666667
1206,543.0,535.3
1207,534.0,535.4666666666667
1208,488.0,535.4333333333333
1209,472.0,535.5
1210,507.0,535.6333333333333
1211,542.0,535.6333333333333
1212,533.0,535.7
1213,490.0,535.6
1214,475.0,535.5333333333333
1215,508.0,535.6
1216,541.0,535.5666666666667
1217,533.0,535.6
1218,489.0,535.5
1219,472.0,535.5
1220,507.0,535.5666666666667
1221,541.0,535.5666666666667
1222,531.0,535.5333333333333
1223,488.0,535.5
1224,474.0,535.4666666666667
1225,507.0,535.5
1226,541.0,535.4666666666667
1227,531.0,535.4666666666667
1228,486.0,535.4666666666667
1229,472.0,535.4333333333333
1230,507.0,535.3333333333334
1231,540.0,535.3666666666667
1232,532.0,535.3666666666667
1233,487.0,535.4
1234,473.0,535.4
1235,505.0,535.5666666666667
1236,539.0,535.4333333333333
1237,531.0,535.3333333333334
1238,490.0,535.2666666666667
1239,475.0,535.1666666666666
1240,508.0,535.1333333333333
1241,542.0,535.1333333333333
1242,535.0,535.2
1243,489.0,535.2333333333333
1244,472.0,535.3333333333334
1245,510.0,535.2666666666667
1246,543.0,535.3333333333334
1247,536.0,535.4333333333333
1248,489.0,535.4333333333333
1249,472.0,535.4333333333333
